{
  "data_path": "/Users/robintian/AI2025-2026/NLP/word2vec/database/cnews.train.txt",
  "cache_path": "/Users/robintian/AI2025-2026/NLP/word2vec/cache/cnews_train_corpuspkl",
  "sentences_used": 20000,
  "vocab_size": 5808,
  "training_pairs": 108119,
  "embedding_dim": 50,
  "window_size": 5,
  "neg_samples": 10,
  "epochs": 1,
  "initial_lr": 0.025,
  "subsample_threshold": 1e-05,
  "table_size": 1000000,
  "seed": 42,
  "loss_history": [
    7.624351416620025
  ],
  "top_discard_examples": [
    [
      "比赛",
      0.9732469412409578
    ],
    [
      "球队",
      0.9646102970103698
    ],
    [
      "他们",
      0.9631498333435424
    ],
    [
      "我们",
      0.9626387109190848
    ],
    [
      "篮板",
      0.9601322159687506
    ],
    [
      "火箭",
      0.9598373224074775
    ],
    [
      "没有",
      0.9583738986184454
    ],
    [
      "时间",
      0.9581703467865775
    ],
    [
      "球员",
      0.9580379042814048
    ],
    [
      "一个",
      0.9559042428609581
    ]
  ],
  "low_discard_examples": [
    [
      "AI",
      0.2930912364385344
    ],
    [
      "Its",
      0.2930912364385344
    ],
    [
      "Yahoo",
      0.2930912364385344
    ],
    [
      "Yi",
      0.2930912364385344
    ],
    [
      "games",
      0.2930912364385344
    ],
    [
      "on",
      0.2930912364385344
    ],
    [
      "一倍",
      0.2930912364385344
    ],
    [
      "一口",
      0.2930912364385344
    ],
    [
      "一回",
      0.2930912364385344
    ],
    [
      "一小",
      0.2930912364385344
    ]
  ],
  "discard_probability_of_的": null
}