{
  "data_path": "/Users/robintian/AI2025-2026/NLP/word2vec/database/cnews.train.txt",
  "cache_path": "/Users/robintian/AI2025-2026/NLP/word2vec/cache/cnews_train_corpuspkl",
  "sentences_used": 100000,
  "vocab_size": 15050,
  "training_pairs": 902272,
  "embedding_dim": 5,
  "window_size": 5,
  "neg_samples": 10,
  "epochs": 5,
  "initial_lr": 0.025,
  "subsample_threshold": 1e-05,
  "table_size": 1000000,
  "seed": 42,
  "loss_history": [
    4.615117908999853,
    3.277632740743924,
    3.2421178858966466,
    3.2371947395523133,
    3.235594288084848
  ],
  "top_discard_examples": [
    [
      "比赛",
      0.9720236633095688
    ],
    [
      "球队",
      0.9634402713821101
    ],
    [
      "他们",
      0.9629764440371014
    ],
    [
      "我们",
      0.9618216296518671
    ],
    [
      "火箭",
      0.9596521004921824
    ],
    [
      "篮板",
      0.9590660152907783
    ],
    [
      "球员",
      0.957839101163181
    ],
    [
      "时间",
      0.9565203516123022
    ],
    [
      "没有",
      0.9564916131789153
    ],
    [
      "一个",
      0.9542150572485559
    ]
  ],
  "low_discard_examples": [
    [
      "silencer",
      0.0
    ],
    [
      "一两场",
      0.0
    ],
    [
      "一侧",
      0.0
    ],
    [
      "一则",
      0.0
    ],
    [
      "一夜之间",
      0.0
    ],
    [
      "一封",
      0.0
    ],
    [
      "一小",
      0.0
    ],
    [
      "一挥",
      0.0
    ],
    [
      "一期",
      0.0
    ],
    [
      "一语",
      0.0
    ]
  ],
  "discard_probability_of_的": null
}